{
    "name": "CubeGeometry",
    "metadata": {
        "generator": "io_three",
        "faces": 138,
        "normals": 139,
        "uvs": 0,
        "type": "Geometry",
        "vertices": 141,
        "version": 3
    },
    "vertices": [-4.22934,1.61747,0.865436,-4.22934,1.61747,-1.55161,4.35858,3.0535,-1.86285,1.75864,2.23659,1.95006,-3.9664,-3.25576,0.865434,-3.9664,-3.25576,-1.55161,4.19516,0.951221,-2.00851,3.72698,0.951222,0.811668,-4.22934,1.61747,-0,0.213496,2.58831,2.19392,-4.31361,-0.10113,0.865435,0.247206,2.58831,-1.97481,-4.31361,-0.10113,-1.55161,4.57093,3.0535,-0.236433,4.06642,2.12372,-2.00852,4.28878,2.12372,0.134776,-4.05068,-3.35689,-2e-06,0.213495,-1.1725,2.19392,0.264063,-1.1725,-2.02537,4.21156,0.951222,-0.362838,0.213496,2.58831,0,0.213497,-1.1725,-1e-06,-4.31361,-0.10113,-1e-06,0.264062,-0,-2.09279,4.59078,2.12372,-0.250478,0.213495,0,2.19392,1.32357,2.52104,1.6954,1.2729,2.52104,-1.62483,1.25719,-0.532171,1.6954,1.21892,-0.532172,-1.65569,1.32357,2.52104,-0.20318,1.25719,-0.532172,-0.20318,1.21892,-0.000954,-1.69683,1.25719,-0.000954,1.6954,-4.22934,1.61747,-1.68935,-4.00695,-3.30442,-1.68935,4.84985,3.0535,-1.13266,4.26001,0.951221,-0.963927,0.230987,2.58831,-1.02468,0.239734,-1.1725,-1.05092,-4.31361,-0.10113,-1.68935,4.65327,2.12372,-0.963928,1.27299,2.52104,-1.00765,1.21304,-0.532172,-1.02366,-1.54177,3.13514,2.61343,-1.52137,3.13514,-2.83521,-1.54177,-1.99555,2.61343,-1.51118,-1.99555,-2.8658,-1.54177,3.13514,0,-1.57506,-2.0355,-1e-06,-1.54447,-0.039954,-2.90659,-1.57506,-0.039954,2.61343,-1.53119,3.13514,-1.28728,-1.54191,-2.01477,-1.30315,-2.89109,2.75331,2.1784,-2.88836,2.75331,-2.61895,-2.79818,-2.63171,2.1784,-2.75058,-2.63171,-2.6341,-2.89846,2.75331,-0,-2.82476,-2.70255,-1e-06,-2.94234,-0.070836,-2.6543,-2.93241,-0.070836,2.1784,-2.78627,-2.66579,-1.4981,-2.89322,2.75331,-1.49024,0.9713,-0.70757,-0.147525,0.623402,-0.921012,-0.079798,1.0195,2.53947,1.83195,0.649472,2.56189,1.99813,0.991942,2.53947,-1.7207,0.650043,2.56189,-1.83735,0.971298,-0.70757,1.83195,0.623401,-0.921012,1.99813,0.957364,-0.70757,-1.75695,0.639078,-0.921012,-1.88018,1.0195,2.53947,-0.147524,0.649473,2.56189,-0.079798,0.957363,-0.000693,-1.80529,0.639077,-0.000375,-1.93728,0.971298,-0.000692,1.83195,0.623401,-0.000375,1.99813,0.640228,2.56189,-1.01799,0.987561,2.53947,-1.01232,0.94643,-0.70757,-1.03113,0.621995,-0.921012,-1.04022,0.857282,-0.70757,-0.147525,0.751781,-0.921012,-0.079798,0.871898,2.53947,1.83195,0.863541,2.53947,-1.7207,0.853055,-0.70757,-1.75695,0.759686,2.56189,-0.079798,0.756883,2.56189,-1.01799,0.862213,2.53947,-1.01232,0.84974,-0.70757,-1.03113,0.759686,2.56189,1.99813,0.759859,2.56189,-1.83735,0.857281,-0.70757,1.83195,0.75178,-0.921012,1.99813,0.756534,-0.921012,-1.88018,0.871898,2.53947,-0.147524,3.33325,3.0535,0.642941,0.853055,-0.000693,-1.80529,0.756534,-0.000375,-1.93728,0.857281,-0.000692,1.83195,0.75178,-0.000375,1.99813,3.02657,2.66574,1.83195,1.75864,2.23659,1.83195,0.864589,1.26939,1.83195,0.751354,-0.921012,-1.04022,0.86076,-0.813295,-0.143551,0.74731,-1.04282,-0.070722,0.876477,2.67838,1.98507,0.755812,2.7025,2.16376,0.867492,2.67838,-1.83525,0.755998,2.7025,-1.9607,0.86076,-0.813295,1.98507,0.74731,-1.04282,2.16376,0.856216,-0.813295,-1.87424,0.752422,-1.04282,-2.00675,0.876477,2.67838,-0.143551,0.755812,2.7025,-0.070721,0.856215,-0.053159,-1.92622,0.752422,-0.052817,-2.06815,0.86076,-0.053159,1.98507,0.74731,-0.052817,2.16376,0.752797,2.7025,-1.0796,0.866063,2.67838,-1.0735,0.85265,-0.813295,-1.09373,0.746852,-1.04282,-1.1035,0.361335,2.2993,1.83195,-0.434509,2.76745,1.83195,3.02657,2.66574,1.95006,3.07338,2.61892,1.83195,1.80546,2.18978,1.83195,3.33325,3.0535,0.761051,3.42077,3.0535,0.580759,0.867776,1.16612,1.98507,0.864589,1.26939,1.95006,3.07338,2.61892,1.95006,1.80546,2.18978,1.95006,3.42077,3.0535,0.698869,0.867776,1.16612,2.10318],
    "faces": [33,42,27,2,36,0,1,2,3,33,43,37,6,29,4,5,6,7,33,40,35,5,12,8,9,10,11,33,32,29,6,14,12,7,6,13,33,24,19,7,15,14,15,16,17,33,44,48,20,9,18,19,20,21,33,52,45,11,38,22,23,24,25,33,53,39,18,47,26,27,28,29,33,46,17,21,49,30,31,32,33,33,28,7,19,31,34,16,15,35,33,34,40,12,1,36,8,11,37,33,0,10,22,8,38,39,40,41,33,10,4,16,22,39,42,43,40,33,27,32,14,2,1,12,13,2,33,45,50,23,11,23,44,45,24,33,50,47,18,23,44,29,28,45,33,104,99,133,130,46,47,48,49,33,36,41,24,13,3,50,14,51,33,41,37,19,24,50,5,15,14,33,28,33,15,7,34,52,17,16,33,46,51,25,17,30,53,54,31,33,51,44,9,25,53,18,21,54,33,81,68,27,42,55,56,1,0,33,82,43,29,72,57,4,7,58,33,76,72,29,32,59,58,7,12,33,78,66,26,33,60,61,62,52,33,66,74,30,26,61,63,64,62,33,70,28,31,64,65,34,35,66,33,68,76,32,27,56,59,12,1,33,70,78,33,28,65,60,52,34,33,30,42,36,13,64,0,3,51,33,31,19,37,43,35,15,5,4,33,22,16,35,40,40,43,9,8,33,48,52,38,20,19,22,25,20,33,49,21,39,53,33,32,27,26,33,8,22,40,34,41,40,8,36,33,2,14,41,36,2,13,50,3,33,14,6,37,41,13,6,5,50,33,74,81,42,30,63,55,0,64,33,64,31,43,82,66,35,4,57,33,54,58,48,44,67,68,19,18,33,63,55,45,52,69,70,23,22,33,62,53,47,57,71,26,29,72,33,56,46,49,59,73,30,33,74,33,55,60,50,45,70,75,44,23,33,60,57,47,50,75,72,29,44,33,56,61,51,46,73,76,53,30,33,61,54,44,51,76,67,18,53,33,58,63,52,48,68,69,22,19,33,59,49,53,62,74,33,26,71,33,0,8,58,54,38,41,68,67,33,34,1,55,63,36,37,70,69,33,35,62,57,5,9,71,72,10,33,4,56,59,16,42,73,74,43,33,1,12,60,55,37,11,75,70,33,12,5,57,60,11,10,72,75,33,4,10,61,56,42,39,76,73,33,10,0,54,61,39,38,67,76,33,8,34,63,58,41,36,69,68,33,16,59,62,35,43,74,71,9,33,38,11,69,80,25,24,77,78,33,64,82,92,84,66,57,79,80,33,39,83,73,18,27,81,82,28,33,23,18,73,77,45,28,82,83,33,25,9,67,79,54,21,84,85,33,68,81,91,87,56,55,86,87,33,9,20,75,67,21,20,88,84,33,17,71,65,21,31,89,90,32,33,82,72,88,92,57,58,91,79,33,11,23,77,69,24,45,83,77,33,17,25,79,71,31,54,85,89,33,75,80,90,89,88,78,92,93,33,20,38,80,75,20,25,78,88,33,21,65,83,39,32,90,81,27,33,101,97,117,121,94,95,96,97,33,103,93,111,123,98,99,100,101,33,94,101,121,113,102,94,97,103,33,96,103,123,115,104,98,101,105,33,124,113,112,125,106,103,107,108,33,127,126,116,117,109,110,111,96,33,121,117,116,120,97,96,111,112,33,123,111,110,122,101,100,113,114,33,111,119,118,110,100,115,116,113,33,115,114,108,109,105,117,118,119,33,113,121,120,112,103,97,112,107,33,115,123,122,114,105,101,114,117,33,119,124,125,118,115,106,108,116,33,109,108,126,127,119,118,110,109,33,102,95,114,122,120,121,117,114,33,97,107,127,117,95,122,109,96,33,65,71,96,85,90,89,104,123,33,69,77,101,94,77,83,94,102,33,71,79,103,96,89,85,98,104,33,72,76,100,88,58,59,124,91,32,66,106,86,61,125,126,32,78,102,106,60,120,125,32,66,78,106,61,60,125,33,83,65,85,107,81,90,123,122,33,67,75,89,93,84,88,93,99,33,81,74,98,91,55,63,127,86,33,79,67,93,103,85,84,99,98,33,77,73,97,101,83,82,95,94,33,78,70,95,102,60,65,121,120,33,73,83,107,97,82,81,122,95,33,76,68,87,100,59,56,87,124,33,80,69,94,90,78,77,102,92,33,70,64,84,95,65,66,80,121,33,74,66,86,98,63,61,126,127,33,91,98,118,125,86,127,116,108,33,93,89,119,111,99,93,115,100,33,84,92,126,108,80,79,110,118,33,85,96,115,109,123,104,105,119,33,87,91,125,112,87,86,108,107,33,92,88,116,126,79,91,111,110,33,100,87,112,120,124,87,107,112,33,90,94,113,124,92,102,103,106,33,95,84,108,114,121,80,118,117,33,98,86,110,118,127,126,113,116,33,107,85,109,127,122,123,119,109,32,86,122,110,126,114,113,32,106,102,122,125,120,114,32,86,106,122,126,125,114,33,89,90,124,119,93,92,106,115,33,88,100,120,116,91,124,112,111,33,105,104,130,3,128,46,49,129,33,132,131,137,138,130,131,132,133,33,106,105,3,136,125,128,129,134,33,33,26,99,15,52,62,47,17,33,26,30,13,99,62,64,51,47,33,13,24,15,99,51,14,17,47,33,131,134,139,137,131,135,136,132,33,135,132,138,140,137,130,133,138,32,138,136,140,133,134,138,32,139,133,130,136,48,49,32,138,3,136,133,129,134,32,137,139,130,132,136,49,32,138,130,3,133,49,129,32,138,137,130,133,132,49],